Company, Position, Location, URL
Recur,Staff Software Engineer,Worldwide,https://remoteok.com//remote-jobs/remote-staff-software-engineer-recur-161900
Braintrust,DevOps Engineer,Global,https://remoteok.com//remote-jobs/remote-devops-engineer-braintrust-161898
Braintrust,Payscale Software Architect Java and React Direct Hire,Global,https://remoteok.com//remote-jobs/remote-payscale-software-architect-java-and-react-direct-hire-braintrust-160875
Axoni,Software Engineer Java,Worldwide,https://remoteok.com//remote-jobs/remote-software-engineer-java-axoni-158889
Latoken,Senior API Java Developer,Remote Worldwide,https://remoteok.com//remote-jobs/remote-senior-api-java-developer-latoken-158402
Bitcoin Depot,International QA SDET,Worldwide,https://remoteok.com//remote-jobs/remote-international-qa-sdet-bitcoin-depot-157274
Brave,Anti Fraud Engineer,Worldwide,https://remoteok.com//remote-jobs/remote-anti-fraud-engineer-brave-157320
Copper,Software Engineering Team Lead,🇬🇧 United Kingdom,https://remoteok.com//remote-jobs/remote-software-engineering-team-lead-copper-157327
TradeBlock,Lead Software Engineer,Worldwide,https://remoteok.com//remote-jobs/remote-lead-software-engineer-tradeblock-155728
Upgrade,Senior IAM Engineer,🌏 Probably worldwide,https://remoteok.com//remote-jobs/remote-senior-iam-engineer-upgrade-153931
CompanyCam,Mobile Developer,🇨🇦 Canada,https://remoteok.com//remote-jobs/remote-mobile-developer-companycam-110438
TradeBlock,Senior Software Engineer,Worldwide,https://remoteok.com//remote-jobs/remote-senior-software-engineer-tradeblock-150691
Orderly,Quality Assurance Engineer,Worldwide,https://remoteok.com//remote-jobs/remote-quality-assurance-engineer-orderly-150164
Braintrust,Software Engineer,Global,https://remoteok.com//remote-jobs/remote-software-engineer-braintrust-150176
Amwell,Lead QA Engineer,🇺🇸 United States,https://remoteok.com//remote-jobs/remote-lead-qa-engineer-amwell-149265
BitcoinCom,Backend Engineer TradFi,Worldwide,https://remoteok.com//remote-jobs/remote-backend-engineer-tradfi-bitcoincom-149096
Proxify,Senior QA Engineer Long Term,🌏 Worldwide,https://remoteok.com//remote-jobs/remote-senior-qa-engineer-long-term-proxify-116378
Splice.com,Data Scientist Marketplace and Merchandising,🇺🇸 United States,https://remoteok.com//remote-jobs/remote-data-scientist-marketplace-and-merchandising-splice-com-141902
Revolut,Lead Software Engineer Mexico,🇲🇽 Mexico,https://remoteok.com//remote-jobs/remote-lead-software-engineer-mexico-revolut-139103
SocialHub,Backend Javascript / Node.js Developer - Remote/SaaS (m/f/d),Anywhere in the World,https://weworkremotely.com/remote-jobs/socialhub-backend-javascript-node-js-developer-remote-saas-m-f-d-2
Toggl,Remote Frontend Developer (JavaScript + React),Europe Only,https://weworkremotely.com/remote-jobs/toggl-remote-frontend-developer-javascript-react-1
Magnolia International Ltd.,Senior Java Developer,Europe Only,https://weworkremotely.com/remote-jobs/magnolia-international-ltd-senior-java-developer
Files.com,FTP and SFTP Server Developer (Java),USA Only,https://weworkremotely.com/remote-jobs/files-com-ftp-and-sftp-server-developer-java
Clevertech,Fast Tracked Application - Backend Javascript Engineer ,Anywhere in the World,https://weworkremotely.com/remote-jobs/clevertech-fast-tracked-application-backend-javascript-engineer
Clevertech,Fast Tracked Application - Frontend Javascript Engineer ,Anywhere in the World,https://weworkremotely.com/remote-jobs/clevertech-fast-tracked-application-frontend-javascript-engineer
Clevertech,Fast Tracked Application - Fullstack Javascript Engineer ,Anywhere in the World,https://weworkremotely.com/remote-jobs/clevertech-fast-tracked-application-fullstack-javascript-engineer
UpStack Technologies Inc.,Full stack Javascript Developer (React.js + Node.js),Latin America Only/Europe Only,https://weworkremotely.com/remote-jobs/upstack-technologies-inc-full-stack-javascript-developer-react-js-node-js
RemoteMore,JavaScript Developer (React or Vue or Angular with Node.js),Americas Only/Europe Only,https://weworkremotely.com/remote-jobs/remotemore-javascript-developer-react-or-vue-or-angular-with-node-js-1
Data Virtuality GmbH,Senior Backend Developer (Java),Anywhere in the World,https://weworkremotely.com/remote-jobs/data-virtuality-gmbh-senior-backend-developer-java
Simvoly,Java Developer (Full-Stack),Anywhere in the World,https://weworkremotely.com/remote-jobs/simvoly-java-developer-full-stack-4
Kinsta,Senior JavaScript Developer,Europe Only/Africa Only,https://weworkremotely.com/remote-jobs/kinsta-senior-javascript-developer
Vidalytics,Lead / Senior Java QA Engineer,Europe Only,https://weworkremotely.com/remote-jobs/vidalytics-lead-senior-java-qa-engineer
